Stage 2,,,Stage 3,,,Stage 4,,
,,,,,,48.0,-14286.8337808388,
,,,36.0,39233.6846250000,,36.0,24239.0001809210,
24.0,-2380.23558593750,,24.0,-7982.88050000000,,24.0,-6108.54494449013,
