Stage 2,,,Stage 3,,,Stage 4,,
,,,,,,48.0,-30750.5407648027,
,,,36.0,-23807.2557187500,,36.0,14102.7589638158,
24.0,-19174.3394140625,,24.0,2457.31121875000,,24.0,-14253.9719387336,
