Stage 2,,,Stage 3,,,Stage 4,,
,,,,,,48.0,42558.9008035715,
,,,36.0,-6739.60565393519,,36.0,-,
24.0,-2380.23558593750,,24.0,-,,24.0,-8398.53252232143,
