Stage 2,,,Stage 3,,,Stage 4,,
,,,,,,48.0,150585.283178571,
,,,36.0,-19054.6252939815,,36.0,-,
24.0,-1661.00298437500,,24.0,-,,24.0,-28676.9502410715,
