Stage 2,,,Stage 3,,,Stage 4,,
,,,,,,48.0,-111483.892218750,
,,,36.0,-97588.1047060185,,36.0,-,
24.0,-81100.6020156250,,24.0,-,,24.0,-10405.9589687499,
