Stage 2,,,Stage 3,,,Stage 4,,
,,,,,,48.0,-56721.6917031250,
,,,36.0,138233.842350000,,36.0,72900.6011250002,
24.0,-1661.00298437500,,24.0,-27133.0201375000,,24.0,-18966.3649843750,
