Stage 2,,,Stage 3,,,Stage 4,,
,,,,,,48.0,-135163.500582237,
,,,36.0,-106223.164537500,,36.0,60275.3667434211,
24.0,-81100.6020156250,,24.0,16653.3296750000,,24.0,-56688.8298610197,
